minute_start_sec,total_time_sec,looking_time_sec,focus_percent
0,12.9086539745331,6.55249762535095,50.7605025146548
