minute_start_sec,total_time_sec,looking_time_sec,focus_percent
0,4.05005598068237,3.04001379013062,75.0610313692113
