minute_start_sec,total_time_sec,looking_time_sec,focus_percent
0,43.9287660121918,17.8307328224182,40.5901063040777
