minute_start_sec,total_time_sec,looking_time_sec,focus_percent
0,7.74952793121338,3.67544436454773,47.4279775125896
